agent_id,first_name,last_name,email,phone
1,Ryan,Marshall,cory57@walker.org,(803)317-9491
2,Stephanie,Lewis,millermatthew@yahoo.com,(951)508-6044
3,Thomas,Osborne,traci94@hotmail.com,(803)765-0095
4,Kathy,Walker,hjackson@yahoo.com,(951)563-9583
5,Donna,Sanders,kimberlymaxwell@wilkins.net,(620)765-9875
6,Brett,Wolf,jessica13@howard.biz,(951)776-7583
7,Barry,Moss,haguirre@yahoo.com,(620)703-3245
8,Michelle,Ayala,brooksjames@reyes.org,(620)265-0297
9,Danny,Kelly,bobby46@rodriguez-smith.biz,(951)765-9042
10,Sherry,Griffin,mcdonaldlinda@oconnell.info,(775)748-2637
11,Sarah,Miller,klane@chase.biz,(136)533-7592
12,Amanda,Lee,paul16@brown.info,(993)062-4224
13,Jesse,Dominguez,samantha86@yahoo.com,(807)776-1352
14,Michael,Austin,joshua69@knapp.com,(177)883-8239
15,Amanda,Simmons,schmidtcrystal@hotmail.com,(882)843-0747