buyer_id,first_name,last_name,email,phone
1,Jamie,Ortiz,randymejia@hotmail.com,(712)756-3345
2,David,Torres,millerjoshua@coleman-nichols.com,(347)334-0987
3,Kevin,Price,dunncheryl@jackson-stone.com,(851)095-9334
4,Matthew,Alvarez,robinsontiffany@hanna.org,(657)984-9942
5,Melissa,Mccoy,michael15@sanders.info,(433)652-6700
6,Timothy,Moore,robersonronald@castaneda.info,(822)252-5670
7,Natalie,Castro,jonesdawn@reyes.org,(455)418-6726
8,Troy,Peterson,haneyjames@yahoo.com,(847)748-5372
9,Andrew,Burton,ddavis@yahoo.com,(270)693-9911
10,William,Howard,grahamkeith@gmail.com,(182)449-3205
11,William,Jones,colinsparks@macdonald-salazar.com,(974)116-3686
12,Ryan,Chaney,emmamonroe@watkins.net,(483)569-5486
13,Joann,Hunter,john97@scott-wood.net,(360)079-0246
14,Kenneth,Carter,jessicathomas@mason.com,(547)670-7310
15,Jacob,Holder,smithsarah@hernandez.info,(001)306-3952
16,Joshua,King,johnny88@hotmail.com,(001)956-7822
17,Richard,Lewis,kirsten92@hayes.info,(347)270-1544
18,Linda,Campbell,vwolfe@hotmail.com,(643)354-4421
19,Mary,Fisher,alyssawatson@yahoo.com,(437)510-0883
20,Isaac,Fuller,marilynwerner@yahoo.com,(309)151-4033
21,Andrew,Brown,devinfrank@martin.com,(637)609-1102
22,Blake,Gray,amanda42@yahoo.com,(537)189-6616
23,Matthew,Harper,grahamamber@yahoo.com,(992)739-7629
24,Eric,Chapman,oparsons@yahoo.com,(554)014-0279
25,James,Martin,dkerr@reilly.com,(039)765-2852
26,Jason,Riley,kcollins@hotmail.com,(636)084-4155
27,Erin,Molina,michael95@yahoo.com,(463)908-6135
28,Christopher,Howe,wheelerjason@berg.org,(712)594-6535
29,Kayla,Johnson,pagetravis@hotmail.com,(922)900-5466
30,Laura,Martinez,james07@yahoo.com,(337)631-9989